6,Level 10
7,Level 20
8,Level 30
9,Level 40
10,Level 50
11,Level 60
15,Plenty of Pets
16,Did Somebody Order a Knuckle Sandwich?
31,A Simple Re-Quest
32,2000 Quests Completed
42,Explore Eastern Kingdoms
43,Explore Kalimdor
46,World Explorer
49,Alterac Valley victories
50,Gillijim's Isle victories
51,Arathi Basin victories
52,Warsong Gulch battles
53,Alterac Valley battles
54,Gillijim's Isle battles
55,Arathi Basin battles
56,Deaths in Warsong Gulch
57,Deaths in Alterac Valley
58,Deaths from Drek'Thar
59,Deaths in Arathi Basin
60,Total deaths
94,Quests abandoned
95,Average quests completed per day
97,Daily quests completed
98,Quests completed
99,Ruins of Lordaeron matches
100,Ring of Trials victories
101,Ring of Trials matches
102,Ruins of Lordaeron victories
103,Circle of Blood matches
104,Circle of Blood victories
105,Warsong Gulch victories
107,Creatures killed
108,Critters killed
112,Deaths from drowning
113,Deaths from fatigue
114,Deaths from falling
115,Deaths from fire and lava
116,Professional Journeyman
121,Journeyman Cook
122,Expert Cook
123,Artisan Cook
124,Master Cook
126,Journeyman Fisherman
127,Expert Fisherman
128,Artisan Fisherman
131,Journeyman in First Aid
132,Expert in First Aid
133,Artisan in First Aid
150,The Fishing Diplomat
153,The Old Gnome and the Sea
166,Warsong Gulch Victory
167,Warsong Gulch Veteran
168,Warsong Gulch Perfection
178,Enchanting formulae learned
181,Items disenchanted
183,Materials produced from disenchanting
189,Largest heal cast
193,Largest hit dealt
197,Total damage done
198,Total healing done
199,Capture the Flag
200,Persistent Defender
201,Warsong Expedience
202,Quick Cap
203,Not In My House
204,Ironman
206,Supreme Defender
207,Save The Day
227,Damage Control
229,The Grim Reaper
231,Wrecking Ball
245,That Takes Class
246,Know Thy Enemy
247,Make Love, Not Warcraft
248,Sunday's Finest
249,Dressed for the Occasion
252,With a Little Helper from My Friends
255,Bring Me The Head of... Oh Wait
259,Scrooge
260,Charming
263,Ice the Frost Lord
271,Burning Hot Pole Dance
272,Torch Juggler
273,On Metzen!
275,Veteran Nanny
277,Tis the Season
279,Simply Abominable
281,First Aid skill
283,The Masquerade
284,A Mask for All Occasions
288,Out With It
289,The Savior of Hallow's End
291,Check Your Head
292,Sinister Calling
306,Master Angler of Azeroth
318,Total deaths from opposite faction
319,Duels won
320,Duels lost
321,Total raid and dungeon deaths
326,Gold from quest rewards
328,Total gold acquired
329,Auctions posted
330,Auction purchases
331,Most expensive bid on auction
332,Most expensive auction sold
333,Gold looted
334,Most gold ever owned
336,Legendary items acquired
338,Vanity pets owned
339,Mounts owned
341,Epic items looted
342,Epic items acquired
344,Bandages used
345,Health potions consumed
346,Beverages consumed
347,Food eaten
349,Flight paths taken
350,Mage Portals taken
353,Number of times hearthed
362,5v5 victories
363,5v5 matches
364,3v3 victories
365,3v3 matches
366,2v2 victories
367,2v2 matches
370,Highest 2 man personal rating
374,Highest 2 man team rating
377,Most factions at Exalted
378,Most factions at Revered or higher
381,World Honorable Kills
382,Battleground Honorable Kills
383,Arena Honorable Kills
388,City Defender
389,Gurubashi Arena Master
393,Alterac Valley towers defended
394,Alterac Valley towers captured
395,Warsong Gulch flags captured
396,Gurubashi Arena Grand Master
411,Murky
412,Murloc Costume
414,Tyrael's Hilt
415,Big Blizzard Bear
416,Scarab Lord
418,Merciless Gladiator
419,Vengeful Gladiator
420,Brutal Gladiator
424,Why? Because It's Red
425,Atiesh, Greatstaff of the Guardian
426,Warglaives of Azzinoth
428,Thunderfury, Blessed Blade of the Windseeker
429,Sulfuras, Hand of Ragnaros
430,Amani War Bear
431,Hand of A'dal
432,Champion of the Naaru
433,Grand Marshal
434,Field Marshal
435,Commander
436,Lieutenant Commander
437,Knight-Champion
438,Knight-Captain
439,Knight
440,Sergeant Major
441,Master Sergeant
442,Private
443,High Warlord
444,Lieutenant General
445,Warlord
446,General
447,Champion
448,Centurion
449,Blood Guard
450,Senior Sergeant
451,Stone Guard
452,First Sergeant
453,Sergeant
454,Scout
456,Realm First! Obsidian Slayer
457,Realm First! Level 80
458,Realm First! Level 80 Rogue
459,Realm First! Level 80 Warrior
460,Realm First! Level 80 Mage
461,Realm First! Level 80 Death Knight
462,Realm First! Level 80 Hunter
463,Realm First! Level 80 Warlock
464,Realm First! Level 80 Priest
465,Realm First! Level 80 Paladin
466,Realm First! Level 80 Druid
467,Realm First! Level 80 Shaman
468,Grunt
469,Legionnaire
470,Corporal
471,Sergeant
472,Knight-Lieutenant
473,Marshal
503,50 Quests Completed
504,100 Quests Completed
505,250 Quests Completed
506,500 Quests Completed
507,1000 Quests Completed
508,1500 Quests Completed
518,30 Exalted Reputations
519,25 Exalted Reputations
520,20 Exalted Reputations
521,15 Exalted Reputations
522,Somebody Likes Me
523,5 Exalted Reputations
524,10 Exalted Reputations
527,Largest hit received
528,Total damage received
529,Most factions at Honored or higher
545,Shave and a Haircut
546,Safe Deposit
558,Greedy
559,Needy
585,Gillijim's Isle flags captured
586,Warsong Gulch flags returned
588,Total Honorable Kills
589,Highest 5 man team rating
590,Highest 3 man team rating
593,Deaths from Vanndar Stormpike
594,Deaths from Hogger
595,Highest 3 man personal rating
596,Highest 5 man personal rating
603,Wrath of the Horde
604,Wrath of the Alliance
605,A Coin of Ancestry
606,5 Coins of Ancestry
607,10 Coins of Ancestry
608,25 Coins of Ancestry
609,50 Coins of Ancestry
610,Death to the Warchief!
611,Bleeding Bloodhoof
612,Downing the Dark Lady
614,For The Alliance!
615,Storming Stormwind
616,Death to the King!
617,Immortal No More
619,For The Horde!
621,Represent
626,Lunar Festival Finery
627,Explore Dun Morogh
628,Deadmines
629,Ragefire Chasm
630,Wailing Caverns
631,Shadowfang Keep
632,Blackfathom Deeps
633,Stormwind Stockade
634,Gnomeregan
635,Razorfen Kraul
636,Razorfen Downs
637,Scarlet Monastery
638,Uldaman
639,Zul'Farrak
640,Maraudon
641,Sunken Temple
642,Blackrock Depths
643,Lower Blackrock Spire
645,Scholomance
646,Stratholme: Main Gate
665,Collector's Edition: Netherwhelp
683,Collector's Edition: Frost Wyrm Whelp
684,Onyxia's Lair (Level 60)
686,Molten Core
705,Master of Arms
712,Warsong Outrider
713,Silverwing Sentinel
725,Thori'dal, the Stars' Fury
727,Call in the Cavalry
728,Explore Durotar
729,Deathcharger's Reins
730,Skills to Pay the Bills
731,Professional Expert
732,Professional Artisan
735,Working Day and Night
736,Explore Mulgore
750,Explore The Barrens
753,Average gold earned per day
759,Average daily quests completed per day
760,Explore Alterac Mountains
761,Explore Arathi Highlands
762,Ambassador of the Horde
765,Explore Badlands
766,Explore Blasted Lands
768,Explore Tirisfal Glades
769,Explore Silverpine Forest
770,Explore Western Plaguelands
771,Explore Eastern Plaguelands
772,Explore Hillsbrad Foothills
773,Explore The Hinterlands
774,Explore Searing Gorge
775,Explore Burning Steppes
776,Explore Elwynn Forest
777,Explore Deadwind Pass
778,Explore Duskwood
779,Explore Loch Modan
780,Explore Redridge Mountains
781,Explore Stranglethorn Vale
782,Explore Swamp of Sorrows
796,Resurrected by priests
798,Rebirthed by druids
799,Spirit returned to body by shamans
800,Redeemed by paladins
801,Resurrected by soulstones
802,Explore Westfall
811,Flasks consumed
812,Healthstones used
829,Largest heal received
830,Total healing received
837,Arenas won
838,Arenas played
839,Battlegrounds played
840,Battlegrounds won
841,Explore Wetlands
842,Explore Teldrassil
844,Explore Darkshore
845,Explore Ashenvale
846,Explore Thousand Needles
847,Explore Stonetalon Mountains
848,Explore Desolace
849,Explore Feralas
850,Explore Dustwallow Marsh
851,Explore Tanaris Desert
852,Explore Azshara
853,Explore Felwood
854,Explore Un'Goro Crater
855,Explore Moonglade
856,Explore Silithus
857,Explore Winterspring
871,Avast Ye, Admiral!
872,Frenzied Defender
878,One That Didn't Get Away
880,Swift Zulian Tiger
881,Swift Razzashi Raptor
882,Fiery Warhorse's Reins
883,Reins of the Raven Lord
884,Swift White Hawkstrider
885,Ashes of Al'ar
886,Swift Nether Drake
887,Merciless Nether Drake
888,Vengeful Nether Drake
889,Fast and Furious
891,Giddy Up!
910,Elders of the Dungeons
911,Elders of Kalimdor
912,Elders of Eastern Kingdoms
913,To Honor One's Elders
914,Elders of the Horde
915,Elders of the Alliance
916,Total deaths in 25-player raids
917,Total deaths in 10-player raids
918,Total deaths in 5-player dungeons
919,Gold earned from auctions
921,Gold from vendors
922,Mana potions consumed
923,Elixirs consumed
926,Most Horde factions at Exalted
927,Equipped epic items in item slots
928,Extra bank slots purchased
931,Total factions encountered
932,Total 5-player dungeons entered
933,Total 10-player raids entered
934,Total 25-player raids entered
937,Elune's Blessing
940,The Green Hills of Stranglethorn
944,They Love Me In That Tunnel
946,The Argent Dawn
948,Ambassador of the Alliance
955,Hydraxian Waterlords
957,Hero of the Zandalar Tribe
963,Tricks and Treats of Kalimdor
964,Going Down?
965,Tricks and Treats of Kalimdor
966,Tricks and Treats of Eastern Kingdoms
967,Tricks and Treats of Eastern Kingdoms
968,Tricks and Treats of Outland
969,Tricks and Treats of Outland
970,Tricks and Treats of Azeroth
971,Tricks and Treats of Azeroth
972,Trick or Treat!
974,50 Daily Quests Complete
975,200 Daily Quests Complete
976,500 Daily Quests Complete
977,1000 Daily Quests Complete
978,3000 Quests Completed
979,The Mask Task
980,The Horseman's Reins
981,That Sparkling Smile
1005,Know Thy Enemy
1006,City Defender
1014,35 Exalted Reputations
1015,40 Exalted Reputations
1017,Can I Keep Him?
1020,Ten Tabards
1021,Twenty-Five Tabards
1022,Flame Warden of Eastern Kingdoms
1023,Flame Warden of Kalimdor
1024,Flame Warden of Outland
1025,Flame Keeper of Eastern Kingdoms
1026,Flame Keeper of Kalimdor
1027,Flame Keeper of Outland
1028,Extinguishing Eastern Kingdoms
1029,Extinguishing Kalimdor
1030,Extinguishing Outland
1031,Extinguishing Eastern Kingdoms
1032,Extinguishing Kalimdor
1033,Extinguishing Outland
1034,The Fires of Azeroth
1035,Desecration of the Horde
1036,The Fires of Azeroth
1037,Desecration of the Alliance
1038,The Flame Warden
1039,The Flame Keeper
1040,Rotten Hallow
1041,Rotten Hallow
1042,Number of hugs
1043,Greed rolls made on loot
1044,Need rolls made on loot
1045,Total cheers
1047,Total facepalms
1057,Deaths in 2v2
1065,Total waves
1066,Total times LOL'd
1067,Total times playing world's smallest violin
1091,Edwin VanCleef kills (Deadmines)
1092,Archmage Arugal kills (Shadowfang Keep)
1093,Scarlet Commander Mograine kills (Scarlet Monastery)
1094,Chief Ukorz Sandscalp kills (Zul'Farrak)
1095,Emperor Dagran Thaurissan kills (Blackrock Depths)
1096,General Drakkisath kills (Blackrock Spire)
1097,Baron Rivendare kills (Stratholme)
1098,Onyxia kills (Onyxia's Lair)
1099,Ragnaros kills (Molten Core)
1106,Deaths in Gillijim's Isle
1107,Deaths in 3v3
1108,Deaths in 5v5
1109,5v5 Arena Honorable Kills
1110,3v3 Arena Honorable Kills
1111,2v2 Arena Honorable Kills
1112,Gillijim's Isle Honorable Kills
1113,Alterac Valley Honorable Kills
1114,Arathi Basin Honorable Kills
1115,Warsong Gulch Honorable Kills
1125,Bandage used most
1145,King of the Fire Festival
1146,Gold spent on travel
1147,Gold spent at barber shops
1148,Gold spent on postage
1149,Talent tree respecs
1150,Gold spent on talent tree respecs
1157,Duel-icious
1172,Master of Warsong Gulch
1173,Master of Warsong Gulch
1176,Got My Mind On My Money
1177,Got My Mind On My Money
1178,Got My Mind On My Money
1180,Got My Mind On My Money
1181,Got My Mind On My Money
1182,The Bread Winner
1187,The Keymaster
1188,Shafted!
1197,Total kills
1198,Total kills that grant experience or honor
1199,Professions learned
1200,Secondary skills at maximum skill
1201,Professions at maximum skill
1202,Weapon skills at maximum skill
1205,Hero of Shattrath
1206,To All The Squirrels I've Loved Before
1229,Revived by druids
1243,Fish Don't Leave Footprints
1244,Well Read
1248,Plethora of Pets
1250,Shop Smart, Shop Pet...Smart
1251,Not In My House
1252,Supreme Defender
1255,Scrooge
1257,The Scavenger
1259,Not So Fast
1261,G.N.E.R.D. Rage
1279,Flirt With Disaster
1280,Flirt With Disaster
1281,The Rocket's Red Glare
1282,Fa-la-la-la-Ogri'la
1291,Lonely?
1292,Yellow Brewfest Stein
1293,Blue Brewfest Stein
1295,Crashin' & Thrashin'
1298,Different bandage types used
1299,Health potion used most
1300,Different health potions used
1301,Mana potion used most
1302,Different mana potions used
1303,Elixir consumed most
1304,Different elixirs used
1305,Flask consumed most
1306,Different flasks consumed
1307,Upper Blackrock Spire
1336,Creature type killed the most
1337,Different creature types killed
1339,Mage portal taken most
1400,Realm First! Magic Seeker
1402,Realm First! Conqueror of Naxxramas
1404,Realm First! Level 80 Gnome
1405,Realm First! Level 80 Blood Elf
1406,Realm First! Level 80 Draenei
1407,Realm First! Level 80 Dwarf
1408,Realm First! Level 80 Human
1409,Realm First! Level 80 Night Elf
1410,Realm First! Level 80 Orc
1411,Realm First! Level 80 Tauren
1412,Realm First! Level 80 Troll
1413,Realm First! Level 80 Forsaken
1414,Realm First! Grand Master Blacksmith
1415,Realm First! Grand Master Alchemist
1416,Realm First! Cooking Grand Master
1417,Realm First! Grand Master Enchanter
1418,Realm First! Grand Master Engineer
1419,Realm First! First Aid Grand Master
1420,Realm First! Grand Master Angler
1421,Realm First! Grand Master Herbalist
1422,Realm First! Grand Master Scribe
1423,Realm First! Grand Master Jewelcrafter
1424,Realm First! Grand Master Leatherworker
1425,Realm First! Grand Master Miner
1426,Realm First! Grand Master Skinner
1427,Realm First! Grand Master Tailor
1436,Friends In High Places
1456,Fish and other things caught
1458,Continent with the most Honorable Kills
1463,Realm First! Northrend Vanguard
1466,Most Alliance factions at Exalted
1487,Total Killing Blows
1488,World Killing Blows
1489,Continent with the most Killing Blows
1490,Arena Killing Blows
1491,Battleground Killing Blows
1492,2v2 Arena Killing Blows
1493,3v3 Arena Killing Blows
1494,5v5 Arena Killing Blows
1495,Alterac Valley Killing Blows
1496,Arathi Basin Killing Blows
1497,Warsong Gulch Killing Blows
1498,Gillijim's Isle Killing Blows
1501,Total deaths from other players
1502,Quick Cap
1516,Accomplished Angler
1518,Fish caught
1519,Fishing skill
1524,Cooking skill
1525,Cooking daily quests completed
1526,Fishing daily quests completed
1527,Highest Alchemy skill
1532,Highest Blacksmithing skill
1535,Highest Enchanting skill
1536,Highest Leatherworking skill
1537,Highest Mining skill
1538,Highest Herbalism skill
1541,Highest Skinning skill
1542,Highest Tailoring skill
1544,Highest Engineering skill
1545,Ring of Valor matches
1546,Ring of Valor victories
1547,Dalaran Sewers matches
1548,Dalaran Sewers victories
1552,Frenzied Firecracker
1557,50 Fish
1558,100 Fish
1559,250 Fish
1560,500 Fish
1561,1000 Fish
1636,Competitor's Tabard
1637,Spirit of Competition
1656,Hallowed Be Thy Name
1657,Hallowed Be Thy Name
1682,The Loremaster
1685,Bros. Before Ho Ho Ho's
1686,Bros. Before Ho Ho Ho's
1687,Let It Snow
1688,The Winter Veil Gourmet
1689,He Knows If You've Been Naughty
1690,A Frosty Shake
1691,Merrymaker
1692,Merrymaker
1693,Fool For Love
1694,Lovely Luck Is On Your Side
1695,Dangerous Love
1696,The Rocket's Pink Glare
1697,Nation of Adoration
1698,Nation of Adoration
1699,Fistful of Love
1700,Perma-Peddle
1701,Be Mine!
1702,Sweet Tooth
1703,My Love is Like a Red, Red Rose
1704,I Pitied The Fool
1705,Clockwork Rocket Bot
1706,Crashin' Thrashin' Racer
1707,Fool For Love
1716,Battleground with the most Killing Blows
1719,Battleground with the most Honorable Kills
1729,Alchemy Recipes learned
1730,Blacksmithing Plans learned
1734,Engineering Schematics learned
1740,Leatherworking Patterns learned
1741,Tailoring Patterns learned
1745,Cooking Recipes known
1748,First Aid Manuals learned
1773,Beverage consumed most
1774,Different beverages consumed
1775,Different foods eaten
1776,Food eaten most
1786,School of Hard Knocks
1788,Bad Example
1789,Daily Chores
1791,Home Alone
1792,Aw, Isn't It Cute?
1793,For The Children
1795,Lunch Lady
1796,Short Order Cook
1797,Chef de Partie
1832,Tastes Like Chicken
1833,It's Happy Hour Somewhere
1836,Old Crafty
1837,Old Ironjaw
2018,Timear Foresees
2019,Proof of Demise
2079,Tabard of the Protector
2081,Grand Black War Mammoth
2141,Stable Keeper
2142,Filling Up The Barn
2143,Leading the Cavalry
2144,What A Long, Strange Trip It's Been
2145,What A Long, Strange Trip It's Been
2188,Leeeeeeeeeeeeeroy!
2277,Summons accepted
2316,Brutal Nether Drake
2336,Insane in the Membrane
2357,Dreadsteed of Xoroth
2358,Charger
2359,Swift Flight Form
2396,Battleground played the most
2397,Battleground won the most
2398,WoW's 4th Anniversary
2416,Hard Boiled
2417,Chocolate Lover
2418,Chocoholic
2419,Spring Fling
2420,Noble Garden
2421,Noble Garden
2422,Shake Your Bunny-Maker
2436,Desert Rose
2456,Vampire Hunter
2496,The Fifth Element
2497,Spring Fling
2516,Lil' Game Hunter
2537,Mountain o' Mounts
2556,Pest Control
2576,Blushing Bride
2676,I Found One!
2716,Dual Talent Specialization
2797,Noble Gardener
2798,Noble Gardener
3096,Deadly Gladiator's Frostwyrm
3117,Realm First! Death's Demise
3142,Val'anyr, Hammer of Ancient Kings
3216,Smelting Recipes learned
3218,Turtles All the Way Down
3259,Realm First! Celestial Defender
3336,Deadly Gladiator
3356,Winterspring Frostsaber
3357,Venomhide Ravasaur
3436,Furious Gladiator
3496,A Brew-FAST Mount
3536,The Marine Marine
3618,Murkimus the Gladiator
3636,Jade Tiger
3756,Furious Gladiator's Frostwyrm
3757,Relentless Gladiator's Frostwyrm
3758,Relentless Gladiator
3896,Onyx Panther
4078,Realm First! Grand Crusader
4079,A Tribute to Immortality
4156,A Tribute to Immortality
4397,Onyxia's Lair
4400,WoW's 5th Anniversary
4405,More Dots!
4406,Many Whelps! Handle It!
4407,She Deep Breaths More
4436,BB King
4437,BB King
4496,It's Over Nine Thousand!
4576,Realm First! Fall of the Lich King
4599,Wrathful Gladiator
4600,Wrathful Gladiator's Frostwyrm
4623,Shadowmourne
4624,Tough Love
4625,Invincible's Reins
4626,And I'll Form the Head!
4627,Big Love Rocket
4778,Disenchant rolls made on loot
4782,Green Brewfest Stein
4784,Emblematic
4785,Emblematic
4786,Operation: Gnomeregan
4790,Zalazane's Fall
4824,Collector's Edition: Mini Thor
4900,Beta One Tester
4901,Beta Two Tester
4902,Beta Three Tester
4903,Blackmaw Angler
4904,Rite of the Depths
4905,Plenty of Fish in the Sea
4906,Fishing Freelancer
4907,Fishing Freelancer
4908,Fishing Mastery
4909,Fishing Mastery
4910,Accomplished Angler
4911,Deaths in Molten Core
4912,Broodmother's Lair
4913,Deaths in Onyxia's Lair
4914,Captain Blackstone kills (Baradin Hold)
4915,Playing with Balefire
4916,Good Samaritan
4917,Ghostly Visitation
4918,Elemental Showdown
4919,The Numismatist
4920,Rite of the Laboratory
4921,Alchemy Workhorse
4922,Alchemy Freelancer
4923,Alchemy Freelancer
4924,Alchemy Mastery
4925,Alchemy Mastery
4926,Rite of the Forge
4927,Blacksmithing Workhorse
4928,Blacksmithing Freelancer
4929,Blacksmithing Freelancer
4930,Blacksmithing Mastery
4931,Blacksmithing Mastery
4932,Rite of the Fire
4933,Cooking Workhorse
4934,The Eastern Kingdoms Gourmet
4935,The Kalimdor Gourmet
4936,Cooking Freelancer
4937,Cooking Freelancer
4938,Cooking Mastery
4939,Cooking Mastery
4940,Rite of the Arcane
4941,Enchanting Workhorse
4942,Enchanting Freelancer
4943,Enchanting Freelancer
4944,Enchanting Mastery
4945,Enchanting Mastery
4946,Rite of the Workshop
4947,Engineering Workhorse
4948,Engineering Freelancer
4949,Engineering Freelancer
4950,Engineering Mastery
4951,Engineering Mastery
4952,Stocking Up
4953,Rite of the Medicant
4954,First Aid Freelancer
4955,First Aid Freelancer
4956,First Aid Mastery
4957,First Aid Mastery
4958,Rite of the Fields
4959,Herbalism Workhorse
4960,Herbalism Freelancer
4961,Herbalism Freelancer
4962,Herbalism Mastery
4963,Herbalism Mastery
4964,Rite of the Hunt
4965,Leatherworking Workhorse
4966,Leatherworking Freelancer
4967,Leatherworking Freelancer
4968,Leatherworking Mastery
4969,Leatherworking Mastery
4970,Rite of the Mountains
4971,Mining Workhorse
4972,Mining Freelancer
4973,Mining Freelancer
4974,Mining Mastery
4975,Mining Mastery
4976,Rite of the Wilds
4977,Skinning Workhorse
4978,Skinning Freelancer
4979,Skinning Freelancer
4980,Skinning Mastery
4981,Skinning Mastery
4982,Rite of the Loom
4983,Tailoring Workhorse
4984,Tailoring Freelancer
4985,Tailoring Freelancer
4986,Tailoring Mastery
4987,Tailoring Mastery
4988,Battle for Hillsbrad: Assault
4989,Battle for Hillsbrad: Defense
4990,The Veiled Blade
4991,The Veiled Blade
4992,Total boops
4993,Total dabs
4994,Glittermurk Mines
4995,Attunement to the Core
4996,Stratholme: Service Gate
4997,Baradin Hold
4998,Parleyed with a Pirate
4999,Awkward Tiger Movie
5000,Sandpiper Michigan Shipwreck
5001,Juliet Florida Tango
5002,Bloodthirsty
5003,TRACKING - Dungeon Set Starbreeze Relic
5004,TRACKING - Dungeon Set Purgation Isle
5005,TRACKING - Dungeon Set Tyrs Hand
5006,TRACKING - Dungeon Set Azshara
5007,Raceway License
5008,Podium Placement
5009,Winner Winner Chicken Dinner
5010,Bronze Award
5011,Silver Trophy
5012,Gold Trophy
5013,Explorer's Contract: Apprentice
5014,Explorer's Contract: Expert
5015,Explorer's Contract: Artisan
5016,Soul of Iron: Apprentice
5017,Soul of Iron: Expert
5018,Soul of Iron: Artisan
5019,Loremaster of Eastern Kingdoms
5020,Loremaster of Kalimdor
5021,The Loremaster
5022,Lorewalker of Alterac Mountains
5023,Lorewalker of Arathi Highlands
5024,Lorewalker of Ashenvale
5025,Lorewalker of Azshara
5026,Lorewalker of Badlands
5027,Lorewalker of Blasted Lands
5028,Lorewalker of Burning Steppes
5029,Lorewalker of Darkshore
5030,Lorewalker of Desolace
5031,Lorewalker of Dun Morogh
5032,Lorewalker of Duskwood
5033,Lorewalker of Dustwallow Marsh
5034,Lorewalker of Eastern Plaguelands
5035,Lorewalker of Elwynn Forest
5036,Lorewalker of Felwood
5037,Lorewalker of Feralas
5038,Lorewalker of Hillsbrad Foothills
5039,Lorewalker of Loch Modan
5040,Lorewalker of Redridge Mountains
5041,Lorewalker of Searing Gorge
5042,Lorewalker of Stonetalon Mountains
5043,Lorewalker of Stranglethorn Vale
5044,Lorewalker of Swamp of Sorrows
5045,Lorewalker of Tanaris
5046,Lorewalker of Teldrassil
5047,Lorewalker of The Barrens
5048,Lorewalker of The Hinterlands
5049,Lorewalker of Thousand Needles
5050,Lorewalker of Un'Goro Crater
5051,Lorewalker of Western Plaguelands
5052,Lorewalker of Westfall
5053,Lorewalker of Wetlands
5054,Lorewalker of Winterspring
5055,Loremaster of Eastern Kingdoms
5056,Loremaster of Kalimdor
5057,The Loremaster
5058,Lorewalker of Alterac Mountains
5059,Lorewalker of Arathi Highlands
5060,Lorewalker of Ashenvale
5061,Lorewalker of Azshara
5062,Lorewalker of Badlands
5063,Lorewalker of Blasted Lands
5064,Lorewalker of Burning Steppes
5065,Lorewalker of Desolace
5066,Lorewalker of Durotar
5067,Lorewalker of Dustwallow Marsh
5068,Lorewalker of Eastern Plaguelands
5069,Lorewalker of Felwood
5070,Lorewalker of Feralas
5071,Lorewalker of Hillsbrad Foothills
5072,Lorewalker of Mulgore
5073,Lorewalker of Searing Gorge
5074,Lorewalker of Silverpine Forest
5075,Lorewalker of Stonetalon Mountains
5076,Lorewalker of Stranglethorn Vale
5077,Lorewalker of Swamp of Sorrows
5078,Lorewalker of Tanaris
5079,Lorewalker of The Barrens
5080,Lorewalker of The Hinterlands
5081,Lorewalker of Thousand Needles
5082,Lorewalker of Tirisfal Glades
5083,Lorewalker of Un'Goro Crater
5084,Lorewalker of Western Plaguelands
5085,Lorewalker of Winterspring
5086,Pre-Release Bundle
5087,The Thorium Brotherhood
5088,Valor's Expedition
